timestamp;value
-1.053155;0.779000
-0.274155;0.823000
0.548845;0.868000
1.416845;0.904000
2.320845;0.849000
3.169845;0.845000
4.014845;0.795000
4.809845;0.719000
5.528845;0.700000
6.228845;0.691000
6.919845;0.732000
7.651845;0.751000
8.402845;0.740000
9.142845;0.725000
9.867845;0.723000
10.590845;0.750000
11.340845;0.740000
12.080845;0.743000
12.823845;0.774000
13.597845;0.807000
14.404845;0.870000
15.274845;0.890000
16.164845;0.909000
17.073845;0.913000
17.986845;0.927000
18.913845;0.874000
19.787846;0.871000
20.658844;0.897000
21.555845;0.863000
22.418844;0.856000
23.274845;0.858000
24.132845;0.871000
25.003845;0.853000
25.856844;0.866000
26.722845;0.898000
27.620846;0.836000
28.456844;0.848000
29.304844;0.864000
30.168844;0.827000
30.995846;0.794000
31.789845;0.820000
32.609844;0.881000
33.490845;0.877000
34.367844;0.927000
35.294846;1.000000
36.294846;1.037000
37.331844;0.938000
38.269844;0.916000
39.185844;0.911000
40.096844;0.876000
40.972843;0.856000
41.828846;0.914000
42.742844;1.035000
43.777843;1.021000
44.798843;0.992000
45.790844;1.002000
46.792847;1.014000
47.806847;0.995000
48.801846;0.900000
49.701843;0.861000
50.562843;0.875000
51.437843;0.956000
52.393845;1.083000
53.476845;1.052000
54.528847;0.994000
55.522846;0.994000
56.516846;0.988000
57.504845;0.926000
58.430843;0.920000
59.350845;0.915000
60.265846;0.893000
61.158844;0.925000
62.083843;1.015000
63.098846;1.096000
64.194847;1.065000
65.259842;1.078000
66.337845;1.030000
67.367844;0.960000
68.327843;0.938000
69.265846;0.895000
70.160843;0.892000
71.052841;0.916000
71.968842;0.959000
72.927841;0.906000
73.833847;0.925000
74.758842;0.952000
75.710846;0.943000
76.653847;0.950000
77.603844;0.987000
78.590843;1.007000
79.597847;0.927000
80.524841;0.934000
81.458847;0.974000
82.432846;0.971000
83.403847;0.885000
84.288841;0.898000
85.186844;0.968000
86.154846;1.064000
87.218842;1.027000
88.245842;0.897000
89.142845;0.846000
89.988846;0.856000
90.844849;0.901000
91.745842;0.957000
92.702843;0.968000
93.670845;0.926000
94.596848;0.874000
95.470848;0.791000
96.261848;0.733000
96.994843;0.704000
97.698845;0.733000
98.431847;0.871000
99.302841;1.099000
100.401848;1.106000
101.507843;1.095000
102.602844;1.027000
103.629845;0.886000
104.515846;0.794000
105.309845;0.782000
106.091843;0.810000
106.901848;0.856000
107.757843;0.886000
108.643845;0.839000
109.482841;0.815000
110.297844;0.838000
111.135841;0.864000
111.999847;0.882000
112.881844;0.820000
113.701843;0.829000
114.530846;0.845000
115.375847;0.862000
116.237846;0.875000
117.112846;0.845000
117.957848;0.788000
118.745842;0.795000
119.540848;0.816000
120.356842;0.857000
121.213844;0.852000
122.065842;0.832000
122.897842;0.862000
123.759842;0.892000
124.651848;0.838000
125.489845;0.844000
126.333847;0.823000
127.156845;0.803000
127.959846;0.764000
128.723846;0.772000
129.495850;0.792000
130.287842;0.827000
131.114838;0.795000
131.909851;0.788000
132.697845;0.797000
133.494843;0.806000
134.300842;0.794000
135.094849;0.789000
135.883850;0.800000
136.683838;0.834000
137.517838;0.836000
138.353851;0.844000
139.197845;0.881000
140.078842;0.925000
141.003845;0.869000
141.872849;0.882000
142.754852;0.907000
143.661850;0.875000
144.536850;0.825000
145.361847;0.818000
146.179840;0.849000
147.028839;0.836000
147.864838;0.811000
148.675842;0.821000
149.496841;0.847000
150.343842;0.797000
151.140839;0.786000
151.926849;0.791000
152.717850;0.844000
153.561844;0.843000
154.404846;0.869000
155.273849;0.929000
156.202850;0.973000
157.175842;0.930000
158.105850;0.917000
159.022842;0.903000
159.925842;0.843000
160.768845;0.818000
161.586838;0.820000
162.406845;0.829000
163.235840;0.824000
164.059845;0.846000
164.905838;0.904000
165.809845;0.932000
166.741852;0.908000
167.649841;0.891000
168.540848;0.890000
169.430847;0.870000
170.300842;0.878000
171.178848;0.891000
172.069839;0.858000
172.927841;0.881000
173.808838;0.900000
174.708847;0.880000
175.588852;0.883000
176.471848;0.910000
177.381851;0.912000
178.293839;0.864000
179.157852;0.875000
180.032852;0.907000
180.939850;0.950000
181.889847;0.916000
182.805847;0.944000
183.749847;0.960000
184.709839;0.919000
185.628845;0.903000
186.531845;0.943000
187.474838;0.970000
188.444839;0.897000
189.341843;0.900000
190.241852;0.940000
191.181839;0.953000
192.134842;0.915000
193.049850;0.912000
193.961838;0.871000
194.832840;0.819000
195.651840;0.866000
196.517853;0.902000
197.419846;0.934000
198.353851;0.798000
199.151840;0.797000
199.948853;0.786000
200.734848;0.783000
201.517853;0.783000
202.300842;0.735000
203.035843;0.694000
203.729843;0.675000
204.404846;0.680000
205.084839;0.650000
205.734848;0.656000
206.390839;0.659000
207.049850;0.669000
207.718842;0.677000
208.395844;0.703000
209.098846;0.711000
209.809845;0.763000
210.572845;0.781000
211.353851;0.807000
212.160843;0.768000
212.928848;0.734000
213.662842;0.693000
214.355850;0.697000
215.052841;0.733000
215.785843;0.766000
216.551849;0.818000
217.369843;0.835000
218.204849;0.820000
219.024841;0.791000
219.815842;0.757000
220.572845;0.684000
221.256851;0.690000
221.946838;0.695000
222.641846;0.703000
223.344849;0.754000
224.098846;0.811000
224.909851;0.822000
225.731842;0.856000
226.587845;0.830000
227.417847;0.754000
228.171844;0.744000
228.915848;0.753000
229.668839;0.802000
230.470840;0.856000
231.326843;0.887000
232.213852;0.896000
233.109848;0.876000
233.985840;0.830000
234.815842;0.809000
235.624847;0.808000
236.432846;0.769000
237.201843;0.798000
237.999847;0.825000
238.824844;0.866000
239.690842;0.857000
240.547852;0.822000
241.369843;0.814000
242.183838;0.830000
243.013840;0.830000
243.843842;0.794000
244.637848;0.812000
245.449844;0.834000
246.283844;0.869000
247.152847;0.812000
247.964844;0.833000
248.797852;0.859000
249.656845;0.867000
250.523849;0.827000
251.350845;0.833000
252.183838;0.840000
253.023849;0.851000
253.874847;0.850000
254.724838;0.853000
255.577850;0.800000
256.377838;0.795000
257.172852;0.815000
257.987854;0.831000
258.818848;0.796000
259.614838;0.808000
260.422852;0.837000
261.259857;0.875000
262.134857;0.899000
263.033844;0.848000
263.881836;0.850000
264.731842;0.849000
265.580841;0.848000
266.428833;0.831000
267.259857;0.853000
268.112854;0.895000
269.007843;0.890000
269.897858;0.890000
270.787842;0.945000
271.732849;0.973000
272.705841;0.918000
273.623840;0.919000
274.542847;0.921000
275.463837;0.848000
276.311859;0.847000
277.158844;0.877000
278.035858;0.893000
278.928833;0.877000
279.805847;0.901000
280.706848;0.885000
281.591858;0.848000
282.439850;0.853000
283.292847;0.883000
284.175842;0.851000
285.026855;0.867000
285.893860;0.896000
286.789856;0.866000
287.655853;0.863000
288.518860;0.867000
289.385834;0.822000
290.207855;0.723000
290.930847;0.687000
291.617859;0.678000
292.295837;0.671000
292.966858;0.725000
293.691833;0.706000
294.397858;0.696000
295.093842;0.683000
295.776855;0.662000
296.438843;0.659000
297.097839;0.660000
297.757843;0.657000
298.414856;0.636000
299.050842;0.620000
299.670837;0.599000
300.269836;0.601000
300.870850;0.599000
301.469849;0.583000
302.052856;0.584000
302.636841;0.584000
303.220856;0.581000
303.801849;0.576000
304.377838;0.571000
304.948853;0.576000
305.524841;0.585000
306.109833;0.597000
306.706848;0.604000
307.310852;0.608000
307.918854;0.602000
308.520844;0.606000
309.126831;0.566000
309.692841;0.647000
310.339844;0.605000
310.944855;0.600000
311.544830;0.595000
312.139832;0.588000
312.727844;0.585000
313.312836;0.581000
313.893860;0.575000
314.468842;0.583000
315.051849;0.578000
315.629852;0.574000
316.203857;0.576000
316.779846;0.577000
317.356842;0.583000
317.939850;0.579000
318.518860;0.580000
319.098846;0.580000
319.678833;0.580000
320.258850;0.574000
320.832855;0.577000
321.409851;0.580000
321.989838;0.581000
322.570831;0.569000
323.139832;0.572000
323.711853;0.572000
324.283844;0.574000
324.857849;0.559000
325.416840;0.559000
325.975830;0.559000
326.534851;0.560000
327.094849;0.557000
327.651855;0.551000
328.202850;0.542000
328.744843;0.545000
329.289856;0.552000
329.841858;0.546000
330.387848;0.544000
330.931854;0.546000
331.477844;0.550000
332.027832;0.551000
332.578857;0.548000
333.126831;0.556000
333.682831;0.560000
334.242859;0.562000
334.804840;0.557000
335.361847;0.568000
335.929840;0.584000
336.513855;0.577000
337.090851;0.574000
337.664856;0.576000
338.240845;0.581000
338.821838;0.585000
339.406830;0.595000
340.001831;0.590000
340.591858;0.591000
341.182831;0.592000
341.774841;0.583000
342.357849;0.573000
342.930847;0.570000
343.500854;0.571000
344.071838;0.570000
344.641846;0.570000
345.211853;0.574000
345.785858;0.572000
346.357849;0.578000
346.935852;0.585000
347.520844;0.589000
348.109833;0.592000
348.701843;0.600000
349.301849;0.610000
349.911835;0.601000
350.512848;0.599000
351.111847;0.608000
351.719849;0.593000
352.312836;0.599000
352.911835;0.612000
353.523834;0.623000
354.146851;0.615000
354.761841;0.627000
355.388855;0.646000
356.034851;0.603000
356.637848;0.595000
357.232849;0.584000
357.816833;0.575000
358.391846;0.561000
358.952850;0.560000
359.512848;0.562000
360.074860;0.555000
360.629852;0.554000
361.183838;0.554000
361.737854;0.552000
362.289856;0.549000
362.838837;0.548000
363.386841;0.543000
363.929840;0.545000
364.474854;0.539000
365.013855;0.536000
365.549835;0.535000
366.084839;0.533000
366.617859;0.528000
367.145844;0.528000
367.673859;0.525000
368.198853;0.522000
368.720856;0.516000
369.236847;0.512000
369.748840;0.458000
370.206848;0.529000
370.735840;0.508000
371.243835;0.506000
371.749847;0.507000
372.256836;0.503000
372.759857;0.503000
373.262848;0.504000
373.766846;0.501000
374.267853;0.500000
374.767853;0.496000
375.263855;0.497000
375.760834;0.499000
376.259857;0.494000
376.753845;0.492000
377.245850;0.492000
377.737854;0.494000
378.231842;0.495000
378.726837;0.493000
379.219849;0.494000
379.713837;0.494000
380.207855;0.490000
380.697845;0.490000
381.187836;0.491000
381.678833;0.495000
382.173859;0.494000
382.667847;0.496000
383.163849;0.503000
383.666840;0.508000
384.174835;0.513000
384.687836;0.512000
385.199860;0.507000
385.706848;0.504000
386.210846;0.504000
386.714844;0.505000
387.219849;0.503000
387.722839;0.500000
388.222839;0.500000
388.722839;0.501000
389.223846;0.501000
389.724854;0.501000
390.225830;0.504000
390.729858;0.511000
391.240845;0.506000
391.746857;0.508000
392.254852;0.508000
392.762848;0.510000
393.272858;0.510000
393.782837;0.514000
394.296844;0.523000
394.819855;0.515000
395.334839;0.513000
395.847839;0.511000
396.358856;0.511000
396.869843;0.506000
397.375854;0.509000
397.884857;0.509000
398.393860;0.508000
398.901855;0.506000
399.407837;0.506000
399.913849;0.501000
400.414856;0.498000
400.912842;0.498000
401.410858;0.500000
401.910858;0.500000
402.410858;0.497000
402.907837;0.496000
403.403839;0.495000
403.898834;0.497000
404.395844;0.495000
404.890839;0.497000
405.387848;0.494000
405.881836;0.493000
406.374847;0.493000
406.867859;0.499000
407.366852;0.498000
407.864838;0.497000
408.361847;0.499000
408.860840;0.504000
409.364838;0.506000
409.870850;0.501000
410.371857;0.500000
410.871857;0.501000
411.372833;0.497000
411.869843;0.495000
412.364838;0.487000
412.851837;0.487000
413.338837;0.488000
413.826843;0.483000
414.309845;0.483000
414.792847;0.482000
415.274841;0.484000
415.758850;0.483000
416.241852;0.481000
416.722839;0.482000
417.204834;0.486000
417.690857;0.486000
418.176849;0.483000
418.659851;0.483000
419.142853;0.486000
419.628845;0.482000
420.110840;0.480000
420.590851;0.481000
421.071838;0.487000
421.558838;0.483000
422.041840;0.484000
422.525848;0.483000
423.008850;0.480000
423.488831;0.478000
423.966858;0.474000
424.440857;0.476000
424.916840;0.472000
425.388855;0.468000
425.856842;0.468000
426.324860;0.468000
426.792847;0.466000
427.258850;0.461000
427.719849;0.462000
428.181854;0.461000
428.642853;0.462000
429.104858;0.458000
429.562836;0.456000
430.018860;0.453000
430.471832;0.454000
430.925842;0.451000
431.376831;0.450000
431.826843;0.450000
432.276855;0.449000
432.725830;0.447000
433.172852;0.444000
433.616852;0.445000
434.061859;0.445000
434.506836;0.448000
434.954834;0.441000
435.395844;0.442000
435.837830;0.441000
436.278839;0.441000
436.719849;0.441000
437.160858;0.438000
437.598846;0.441000
438.039856;0.439000
438.478851;0.438000
438.916840;0.436000
439.352844;0.437000
439.789856;0.439000
440.228851;0.441000
440.669830;0.436000
441.105835;0.436000
441.541840;0.434000
441.975830;0.436000
442.411835;0.435000
442.846832;0.432000
443.278839;0.433000
443.711853;0.433000
444.144836;0.429000
444.573853;0.429000
445.002838;0.430000
445.432831;0.431000
445.863831;0.429000
446.292847;0.428000
446.720856;0.428000
447.148834;0.427000
447.575836;0.425000
448.000854;0.427000
448.427856;0.426000
448.853851;0.427000
449.280853;0.428000
449.708832;0.428000
450.136841;0.427000
450.563843;0.427000
450.990845;0.428000
451.418854;0.428000
451.846832;0.426000
452.272858;0.429000
452.701843;0.429000
453.130859;0.426000
453.556854;0.423000
453.979858;0.426000
454.405853;0.426000
454.831848;0.424000
455.255859;0.423000
455.678833;0.428000
456.106842;0.425000
456.531830;0.427000
456.958832;0.427000
457.385834;0.430000
457.815857;0.427000
458.242859;0.427000
458.669830;0.426000
459.095856;0.428000
459.523834;0.425000
459.948853;0.429000
460.377838;0.426000
460.803833;0.428000
461.231842;0.430000
461.661835;0.427000
462.088837;0.429000
462.517853;0.429000
462.946838;0.433000
463.379852;0.431000
463.810852;0.432000
464.242859;0.434000
464.676849;0.434000
465.110840;0.431000
465.541840;0.431000
465.972839;0.435000
466.407837;0.431000
466.838837;0.432000
467.270844;0.431000
467.701843;0.437000
468.138855;0.434000
468.572845;0.433000
469.005859;0.431000
469.436859;0.433000
469.869843;0.430000
470.299835;0.429000
470.728851;0.427000
471.155853;0.428000
471.583832;0.428000
472.011841;0.429000
472.440857;0.429000
472.869843;0.429000
473.298859;0.430000
473.728851;0.437000
474.165833;0.437000
474.602844;0.437000
475.039856;0.439000
475.478851;0.440000
475.918854;0.438000
476.356842;0.438000
476.794830;0.444000
477.238831;0.446000
477.684845;0.445000
478.129852;0.443000
478.572845;0.441000
479.013855;0.451000
479.464844;0.449000
479.913849;0.451000
480.364838;0.446000
480.810852;0.447000
481.257843;0.448000
481.705841;0.448000
482.153839;0.441000
482.594849;0.445000
483.039856;0.442000
483.481842;0.441000
483.922852;0.439000
484.361847;0.440000
484.801849;0.442000
485.243835;0.444000
485.687836;0.443000
486.130859;0.450000
486.580841;0.446000
487.026855;0.443000
487.469849;0.443000
487.912842;0.445000
488.357849;0.444000
488.801849;0.440000
489.241852;0.442000
489.683838;0.444000
490.127838;0.447000
490.574860;0.440000
491.014832;0.442000
491.456848;0.440000
491.896851;0.437000
492.333832;0.435000
492.768829;0.432000
493.200836;0.434000
493.634857;0.432000
494.066833;0.429000
494.495850;0.429000
494.924835;0.429000
495.353851;0.428000
495.781830;0.424000
496.205841;0.422000
496.627838;0.425000
497.052856;0.426000
497.478851;0.422000
497.900848;0.418000
498.318848;0.418000
498.736847;0.418000
499.154846;0.417000
499.571838;0.414000
499.985840;0.416000
500.401855;0.416000
500.817841;0.416000
501.233856;0.414000
501.647858;0.414000
502.061859;0.412000
502.473846;0.414000
502.887848;0.408000
503.295837;0.408000
503.703857;0.408000
504.111847;0.409000
504.520844;0.407000
504.927856;0.407000
505.334839;0.408000
505.742859;0.408000
506.150848;0.403000
506.553833;0.403000
506.956848;0.402000
507.358856;0.405000
507.763855;0.404000
508.167847;0.402000
508.569855;0.402000
508.971832;0.400000
509.371857;0.402000
509.773834;0.403000
510.176849;0.400000
510.576843;0.398000
510.974854;0.396000
511.370850;0.400000
511.770844;0.399000
512.169861;0.398000
512.567871;0.397000
512.964844;0.396000
513.360840;0.396000
513.756836;0.394000
514.150818;0.390000
514.540833;0.393000
514.933838;0.392000
515.325867;0.392000
515.717834;0.390000
516.107849;0.392000
516.499817;0.390000
516.889832;0.388000
517.277832;0.387000
517.664856;0.390000
518.054871;0.386000
518.440857;0.391000
518.831848;0.388000
519.219849;0.388000
519.607849;0.390000
519.997864;0.393000
520.390869;0.391000
520.781860;0.390000
521.171814;0.391000
521.562866;0.394000
521.956848;0.397000
522.353821;0.395000
522.748840;0.396000
523.144836;0.397000
523.541870;0.398000
523.939819;0.399000
524.338867;0.397000
524.735840;0.399000
525.134827;0.397000
525.531860;0.398000
525.929871;0.397000
526.326843;0.399000
526.725830;0.400000
527.125854;0.398000
527.523865;0.399000
527.922852;0.399000
528.321838;0.396000
528.717834;0.399000
529.116821;0.402000
529.518860;0.401000
529.919861;0.403000
530.322815;0.401000
530.723816;0.404000
531.127869;0.400000
531.527832;0.399000
531.926819;0.400000
532.326843;0.398000
532.724854;0.402000
533.126831;0.403000
533.529846;0.400000
533.929871;0.402000
534.331848;0.402000
534.733826;0.406000
535.139832;0.407000
535.546814;0.405000
535.951843;0.406000
536.357849;0.403000
536.760864;0.406000
537.166870;0.409000
537.575867;0.409000
537.984863;0.408000
538.392822;0.410000
538.802856;0.413000
539.215820;0.409000
539.624817;0.410000
540.034851;0.408000
540.442871;0.413000
540.855835;0.415000
541.270874;0.413000
541.683838;0.413000
542.096863;0.414000
542.510864;0.410000
542.920837;0.409000
543.329834;0.412000
543.741821;0.406000
544.147827;0.409000
544.556824;0.404000
544.960815;0.413000
545.373840;0.414000
545.787842;0.414000
546.201843;0.413000
546.614868;0.411000
547.025818;0.411000
547.436829;0.410000
547.846863;0.412000
548.258850;0.410000
548.668823;0.413000
549.081848;0.412000
549.493835;0.415000
549.908875;0.413000
550.321838;0.412000
550.733826;0.415000
551.148865;0.417000
551.565857;0.418000
551.983826;0.416000
552.399841;0.421000
552.820862;0.416000
553.236816;0.417000
553.653870;0.415000
554.068848;0.413000
554.481873;0.416000
554.897827;0.418000
555.315857;0.416000
555.731873;0.415000
556.146851;0.416000
556.562866;0.416000
556.978821;0.410000
557.388855;0.409000
557.797852;0.405000
558.202820;0.410000
558.612854;0.407000
559.019836;0.406000
559.425842;0.403000
559.828857;0.406000
560.234863;0.403000
560.637817;0.405000
561.042847;0.401000
561.443848;0.402000
561.845825;0.401000
562.246826;0.404000
562.650818;0.402000
563.052856;0.399000
563.451843;0.399000
563.850830;0.397000
564.247864;0.396000
564.643860;0.398000
565.041870;0.395000
565.436829;0.394000
565.830872;0.391000
566.221863;0.396000
566.617859;0.396000
567.013855;0.394000
567.407837;0.395000
567.802856;0.393000
568.195862;0.395000
568.590820;0.394000
568.984863;0.394000
569.378845;0.393000
569.771851;0.393000
570.164856;0.393000
570.557861;0.395000
570.952820;0.395000
571.347839;0.394000
571.741821;0.391000
572.132874;0.392000
572.524841;0.393000
572.917847;0.393000
573.310852;0.393000
573.703857;0.392000
574.095825;0.394000
574.489868;0.394000
574.883850;0.397000
575.280823;0.397000
575.677856;0.397000
576.074829;0.422000
576.496826;0.399000
576.895874;0.401000
577.296814;0.403000
577.699829;0.402000
578.101868;0.403000
578.504822;0.398000
578.902832;0.404000
579.306824;0.404000
579.710815;0.407000
580.117859;0.404000
580.521851;0.404000
580.925842;0.398000
581.323853;0.408000
581.731873;0.408000
582.139832;0.410000
582.549866;0.407000
582.956848;0.404000
583.360840;0.407000
583.767822;0.410000
584.177856;0.411000
584.588867;0.409000
584.997864;0.410000
585.407837;0.406000
585.813843;0.409000
586.222839;0.411000
586.633850;0.409000
587.042847;0.409000
587.451843;0.405000
587.856873;0.408000
588.264832;0.409000
588.673828;0.408000
589.081848;0.409000
589.490845;0.406000
589.896851;0.409000
590.305847;0.415000
590.720825;0.412000
591.132874;0.413000
591.545837;0.412000
591.957825;0.408000
592.365845;0.414000
592.779846;0.416000
593.195862;0.416000
593.611816;0.416000
594.027832;0.416000
594.443848;0.416000
594.859863;0.415000
595.274841;0.417000
595.691833;0.421000
596.112854;0.426000
596.538818;0.425000
596.963867;0.425000
597.388855;0.420000
597.808838;0.419000
598.227844;0.418000
598.645874;0.422000
599.067871;0.426000
599.493835;0.430000
599.923828;0.427000
600.350830;0.420000
600.770874;0.431000
601.201843;0.434000
601.635864;0.431000
602.066833;0.430000
602.496826;0.426000
602.922852;0.426000
603.348816;0.433000
603.781860;0.435000
604.216858;0.422000
604.638855;0.432000
605.070862;0.442000
605.512817;0.446000
605.958862;0.444000
606.402832;0.441000
606.843872;0.434000
607.277832;0.433000
607.710815;0.442000
608.152832;0.445000
608.597839;0.447000
609.044861;0.449000
609.493835;0.445000
609.938843;0.439000
610.377869;0.439000
610.816833;0.443000
611.259827;0.450000
611.709839;0.452000
612.161865;0.452000
612.613831;0.447000
613.060852;0.442000
613.502869;0.444000
613.946838;0.458000
614.404846;0.473000
614.877869;0.481000
615.358826;0.482000
615.840820;0.486000
616.326843;0.489000
616.815857;0.482000
617.297852;0.473000
617.770874;0.472000
618.242859;0.481000
618.723816;0.489000
619.212830;0.486000
619.698853;0.481000
620.179871;0.476000
620.655823;0.486000
621.141846;0.510000
621.651855;0.527000
622.178833;0.541000
622.719849;0.541000
623.260864;0.519000
623.779846;0.504000
624.283875;0.519000
624.802856;0.526000
625.328857;0.538000
625.866821;0.517000
626.383850;0.519000
626.902832;0.530000
627.432861;0.537000
627.969849;0.536000
628.505859;0.516000
629.021851;0.504000
629.525818;0.526000
630.051819;0.554000
630.605835;0.561000
631.166870;0.552000
631.718872;0.574000
632.292847;0.565000
632.857849;0.554000
633.411865;0.539000
633.950867;0.530000
634.480835;0.538000
635.018860;0.534000
635.552856;0.509000
636.061829;0.515000
636.576843;0.518000
637.094849;0.526000
637.620850;0.509000
638.129822;0.497000
638.626831;0.497000
639.123840;0.533000
639.656860;0.573000
640.229858;0.556000
640.785828;0.535000
641.320862;0.580000
641.900818;0.600000
642.500854;0.575000
643.075867;0.555000
643.630859;0.597000
644.227844;0.602000
644.829834;0.611000
645.440857;0.599000
646.039856;0.566000
646.605835;0.538000
647.143860;0.540000
647.683838;0.540000
648.223816;0.542000
648.765869;0.535000
649.300842;0.538000
649.838867;0.522000
650.360840;0.508000
650.868835;0.493000
651.361816;0.528000
651.889832;0.579000
652.468872;0.610000
653.078857;0.576000
653.654846;0.585000
654.239868;0.619000
654.858826;0.640000
655.498840;0.653000
656.151855;0.606000
656.757874;0.592000
657.349854;0.600000
657.949829;0.603000
658.552856;0.583000
659.135864;0.560000
659.695862;0.578000
660.273865;0.582000
660.855835;0.588000
661.443848;0.572000
662.015869;0.571000
662.586853;0.590000
663.176819;0.605000
663.781860;0.594000
664.375854;0.575000
664.950867;0.603000
665.553833;0.615000
666.168823;0.634000
666.802856;0.605000
667.407837;0.604000
668.011841;0.624000
668.635864;0.640000
669.275818;0.612000
669.887817;0.583000
670.470825;0.611000
671.081848;0.621000
671.702820;0.595000
672.297852;0.579000
672.876831;0.607000
673.483826;0.633000
674.116821;0.660000
674.776855;0.616000
675.392822;0.595000
675.987854;0.630000
676.617859;0.656000
677.273865;0.668000
677.941833;0.610000
678.551819;0.583000
679.134827;0.598000
679.732849;0.599000
680.331848;0.598000
680.929871;0.589000
681.518860;0.581000
682.099854;0.574000
682.673828;0.570000
683.243835;0.546000
683.789856;0.531000
684.320862;0.542000
684.862854;0.576000
685.438843;0.744000
686.182861;0.766000
686.948853;0.689000
687.637817;0.630000
688.267822;0.587000
688.854858;0.576000
689.430847;0.580000
690.010864;0.615000
690.625854;0.631000
691.256836;0.630000
691.886841;0.624000
692.510864;0.601000
693.111816;0.578000
693.689819;0.556000
694.245850;0.566000
694.811829;0.570000
695.381836;0.589000
695.970825;0.608000
696.578857;0.610000
697.188843;0.602000
697.790833;0.601000
698.391846;0.590000
698.981873;0.582000
699.563843;0.565000
700.128845;0.583000
700.711853;0.584000
701.295837;0.586000
701.881836;0.971000
702.852844;0.956000
703.808838;0.912000
704.720825;0.831000
705.551819;0.700000
706.251831;0.637000
706.888855;0.610000
707.498840;0.641000
708.139832;0.652000
708.791870;0.661000
709.452820;0.665000
710.117859;0.641000
710.758850;0.625000
711.383850;0.695000
712.078857;0.698000
712.776855;0.729000
713.505859;0.700000
714.205872;0.698000
714.903870;0.632000
715.535828;0.655000
716.190857;0.641000
716.831848;0.643000
717.474854;0.631000
718.105835;0.625000
718.730835;0.623000
719.353821;0.595000
719.948853;0.578000
720.526855;0.609000
721.135864;0.632000
721.767822;0.684000
722.451843;0.668000
723.119873;0.641000
723.760864;0.670000
724.430847;0.664000
725.094849;0.671000
725.765869;0.641000
726.406860;0.627000
727.033875;0.634000
727.667847;0.633000
728.300842;0.628000
728.928833;0.613000
729.541870;0.641000
730.182861;0.652000
730.834839;0.680000
731.514832;0.658000
732.172852;0.631000
732.803833;0.664000
733.467834;0.660000
734.127869;0.663000
734.790833;0.637000
735.427856;0.634000
736.061829;0.638000
736.699829;0.626000
737.325867;0.622000
737.947815;0.643000
738.590820;0.668000
739.258850;0.669000
739.927856;0.644000
740.571838;0.686000
741.257874;0.678000
741.935852;0.695000
742.630859;0.655000
743.285828;0.669000
743.954834;0.665000
744.619873;0.663000
745.282837;0.646000
745.928833;0.645000
746.573853;0.659000
747.232849;0.640000
747.872864;0.625000
748.497864;0.667000
749.164856;0.691000
749.855835;0.669000
750.524841;0.642000
751.166870;0.689000
751.855835;0.683000
752.538818;0.692000
753.230835;0.663000
753.893860;0.666000
754.559814;0.662000
755.221863;0.655000
755.876831;0.636000
756.512817;0.632000
757.144836;0.651000
757.795837;0.684000
758.479858;0.693000
759.172852;0.694000
759.866821;0.733000
760.599854;0.729000
761.328857;0.730000
762.058838;0.691000
762.749817;0.698000
763.447815;0.683000
764.130859;0.674000
764.804871;0.655000
765.459839;0.670000
766.129822;0.669000
766.798828;0.659000
767.457825;0.649000
768.106873;0.677000
768.783875;0.681000
769.464844;0.671000
770.135864;0.661000
770.796814;0.689000
771.485840;0.679000
772.164856;0.663000
772.827820;0.649000
773.476868;0.670000
774.146851;0.666000
774.812866;0.652000
775.464844;0.636000
776.100830;0.665000
776.765869;0.675000
777.440857;0.651000
778.091858;0.635000
778.726868;0.666000
779.392822;0.684000
780.076843;0.666000
780.742859;0.649000
781.391846;0.669000
782.060852;0.667000
782.727844;0.641000
783.368835;0.613000
783.981873;0.624000
784.605835;0.619000
785.224854;0.610000
785.834839;0.601000
786.435852;0.591000
787.026855;0.613000
787.639832;0.630000
788.269836;0.641000
788.910828;0.627000
789.537842;0.624000
790.161865;0.661000
790.822815;0.671000
791.493835;0.678000
792.171814;0.669000
792.840820;0.642000
793.482849;0.627000
794.109863;0.634000
794.743835;0.640000
795.383850;0.646000
796.029846;0.639000
796.668823;0.623000
797.291870;0.615000
797.906860;0.623000
798.529846;0.637000
799.166870;0.650000
799.816833;0.666000
800.482849;0.656000
801.138855;0.646000
801.784851;0.638000
802.422852;0.658000
803.080872;0.675000
803.755859;0.680000
804.435852;0.687000
805.122864;0.659000
805.781860;0.650000
806.431824;0.640000
807.071838;0.666000
807.737854;0.670000
808.407837;0.677000
809.084839;0.666000
809.750854;0.652000
810.402832;0.638000
811.040833;0.655000
811.695862;0.658000
812.353821;0.661000
813.014832;0.648000
813.662842;0.634000
814.296875;0.630000
814.926819;0.643000
815.569824;0.676000
816.245850;0.700000
816.945862;0.720000
817.665833;0.696000
818.361816;0.682000
819.043823;0.672000
819.715820;0.695000
820.410828;0.687000
821.097839;0.687000
821.784851;0.663000
822.447815;0.645000
823.092834;0.628000
823.720825;0.657000
824.377869;0.669000
825.046875;0.680000
825.726868;0.664000
826.390869;0.658000
827.048828;0.678000
827.726868;0.704000
828.430847;0.715000
829.145874;0.678000
829.823853;0.672000
830.495850;0.673000
831.168823;0.688000
831.856873;0.693000
832.549866;0.666000
833.215820;0.657000
833.872864;0.644000
834.516846;0.675000
835.191833;0.682000
835.873840;0.670000
836.543823;0.660000
837.203857;0.645000
837.848816;0.689000
838.537842;0.689000
839.226868;0.675000
839.901855;0.654000
840.555847;0.640000
841.195862;0.664000
841.859863;0.676000
842.535828;0.692000
843.227844;0.667000
843.894836;0.661000
844.555847;0.642000
845.197815;0.673000
845.870850;0.683000
846.553833;0.685000
847.238831;0.667000
847.905823;0.661000
848.566833;0.674000
849.240845;0.687000
849.927856;0.695000
850.622864;0.670000
851.292847;0.659000
851.951843;0.655000
852.606873;0.660000
853.266846;0.666000
853.932861;0.658000
854.590820;0.639000
855.229858;0.631000
855.860840;0.628000
856.488831;0.617000
857.105835;0.609000
857.714844;0.606000
858.320862;0.606000
858.926819;0.611000
859.537842;0.602000
860.139832;0.601000
860.740845;0.601000
861.341858;0.633000
861.974854;0.668000
862.642822;0.704000
863.346863;0.704000
864.050842;0.670000
864.720825;0.651000
865.371826;0.710000
866.081848;0.703000
866.784851;0.732000
867.516846;0.689000
868.205872;0.660000
868.865845;0.706000
869.571838;0.694000
870.265869;0.714000
870.979858;0.678000
871.657837;0.666000
872.323853;0.689000
873.012817;0.694000
873.706848;0.705000
874.411865;0.679000
875.090820;0.674000
875.764832;0.710000
876.474854;0.748000
877.222839;0.798000
878.020874;0.762000
878.782837;0.733000
879.515869;0.746000
880.261841;0.743000
881.004822;0.734000
881.738831;0.703000
882.441833;0.710000
883.151855;0.718000
883.869873;0.720000
884.589844;0.706000
885.295837;0.695000
885.990845;0.708000
886.698853;0.727000
887.425842;0.737000
888.162842;0.711000
888.873840;0.695000
889.568848;0.708000
890.276855;0.709000
890.985840;0.713000
891.698853;0.681000
892.379822;0.675000
893.054871;0.685000
893.739868;0.695000
894.434814;0.710000
895.144836;0.694000
895.838867;0.684000
896.522827;0.709000
897.231873;0.708000
897.939819;0.699000
898.638855;0.681000
899.319824;0.704000
900.023865;0.709000
900.732849;0.699000
901.431824;0.682000
902.113831;0.669000
902.782837;0.704000
903.486816;0.725000
904.211853;0.740000
904.951843;0.718000
905.669861;0.713000
906.382874;0.716000
907.098816;0.708000
907.806824;0.693000
908.499817;0.680000
909.179871;0.696000
909.875854;0.699000
910.574829;0.689000
911.263855;0.679000
911.942871;0.703000
912.645874;0.697000
913.342834;0.680000
914.022827;0.669000
914.691833;0.696000
915.387817;0.714000
916.101868;0.720000
916.821838;0.708000
917.529846;0.697000
918.226868;0.716000
918.942871;0.701000
919.643860;0.674000
920.317871;0.656000
920.973816;0.666000
921.639832;0.674000
922.313843;0.677000
922.990845;0.668000
923.658875;0.699000
924.357849;0.698000
925.055847;0.684000
925.739868;0.673000
926.412842;0.700000
927.112854;0.696000
927.808838;0.680000
928.488831;0.665000
929.153870;0.700000
929.853821;0.697000
930.550842;0.690000
931.240845;0.675000
931.915833;0.708000
932.623840;0.708000
933.331848;0.708000
934.039856;0.701000
934.740845;0.718000
935.458862;0.705000
936.163818;0.686000
936.849854;0.691000
937.540833;0.683000
938.223816;0.668000
938.891846;0.660000
939.551819;0.680000
940.231873;0.695000
940.926819;0.702000
941.628845;0.705000
942.333862;0.725000
943.058838;0.733000
943.791870;0.710000
944.501831;0.692000
945.193848;0.711000
945.904846;0.688000
946.592834;0.681000
947.273865;0.687000
947.960815;0.702000
948.662842;0.697000
949.359863;0.696000
950.055847;0.715000
950.770874;0.749000
951.519836;0.750000
952.269836;0.746000
953.015869;0.777000
953.792847;0.759000
954.551819;0.715000
955.266846;0.689000
955.955872;0.711000
956.666870;0.704000
957.370850;0.685000
958.055847;0.677000
958.732849;0.699000
959.431824;0.718000
960.149841;0.719000
960.868835;0.715000
961.583862;0.743000
962.326843;0.737000
963.063843;0.718000
963.781860;0.701000
964.482849;0.719000
965.201843;0.703000
965.904846;0.666000
966.570862;0.654000
967.224854;0.659000
967.883850;0.678000
968.561829;0.682000
969.243835;0.674000
969.917847;0.681000
970.598816;0.803000
971.401855;0.843000
972.244873;0.770000
973.014832;0.756000
973.770874;0.766000
974.536865;0.747000
975.283875;0.716000
975.999817;0.698000
976.697815;0.710000
977.407837;0.701000
978.108826;0.687000
978.795837;0.673000
979.468872;0.683000
980.151855;0.684000
980.835815;0.689000
981.524841;0.692000
982.216858;0.709000
982.925842;0.723000
983.648865;0.731000
984.379822;0.721000
985.100830;0.727000
985.827820;0.729000
986.556824;0.719000
987.275818;0.700000
987.975830;0.706000
988.681824;0.715000
989.396851;0.718000
990.114868;0.696000
990.810852;0.688000
991.498840;0.706000
992.204834;0.706000
992.910828;0.689000
993.599854;0.677000
994.276855;0.727000
995.003845;0.727000
995.730835;0.728000
996.458862;0.709000
997.167847;0.708000
997.875854;0.680000
998.555847;0.690000
999.245850;0.677000
999.922852;0.662000
1000.584839;0.647000
1001.231873;0.656000
1001.887817;0.657000
1002.544861;0.656000
1003.200867;0.650000
1003.850830;0.651000
1004.501831;0.683000
1005.184814;0.706000
1005.890869;0.708000
1006.598816;0.696000
1007.294861;0.723000
1008.017822;0.707000
1008.724854;0.695000
1009.419861;0.687000
1010.106873;0.684000
1010.790833;0.679000
1011.469849;0.669000
1012.138855;0.673000
1012.811829;0.684000
1013.495850;0.688000
1014.183838;0.681000
1014.864868;0.700000
1015.564819;0.716000
1016.280823;0.732000
1017.012817;0.706000
1017.718872;0.708000
1018.426819;0.714000
1019.140869;0.695000
1019.835815;0.676000
1020.511841;0.700000
1021.211853;0.696000
1021.907837;0.693000
1022.600830;0.685000
1023.285828;0.715000
1024.000854;0.712000
1024.712891;0.697000
1025.409790;0.690000
1026.099854;0.714000
1026.813843;0.719000
1027.532837;0.707000
1028.239868;0.698000
1028.937866;0.713000
1029.650879;0.717000
1030.367798;0.702000
1031.069824;0.685000
1031.754883;0.690000
1032.444824;0.692000
1033.136841;0.678000
1033.814819;0.668000
1034.482788;0.683000
1035.165894;0.698000
1035.863892;0.704000
1036.567871;0.696000
1037.263794;0.690000
1037.953857;0.700000
1038.653809;0.681000
1039.334839;0.672000
1040.006836;0.674000
1040.680786;0.697000
1041.377808;0.725000
1042.102783;0.712000
1042.814819;0.702000
1043.516846;0.731000
1044.247803;0.724000
1044.971802;0.706000
1045.677856;0.683000
1046.360840;0.688000
1047.048828;0.690000
1047.738892;0.672000
1048.410889;0.666000
1049.076904;0.669000
1049.745850;0.692000
1050.437866;0.707000
1051.144897;0.696000
1051.840820;0.695000
1052.535889;0.720000
1053.255859;0.713000
1053.968872;0.701000
1054.669800;0.693000
1055.362793;0.696000
1056.058838;0.675000
1056.733887;0.666000
1057.399902;0.666000
1058.065796;0.678000
1058.743896;0.684000
1059.427856;0.688000
1060.115845;0.705000
1060.820801;0.714000
1061.534790;0.703000
1062.237793;0.683000
1062.920898;0.684000
1063.604858;0.665000
1064.269897;0.664000
1064.933838;0.655000
1065.588867;0.684000
1066.272827;0.701000
1066.973877;0.695000
1067.668823;0.692000
1068.360840;0.728000
1069.088867;0.724000
1069.812866;0.709000
1070.521851;0.689000
1071.210815;0.704000
1071.914795;0.684000
1072.598877;0.659000
1073.257812;0.648000
1073.905884;0.671000
1074.576904;0.683000
1075.259888;0.699000
1075.958862;0.696000
1076.654785;0.692000
1077.346802;0.694000
1078.040894;0.676000
1078.716797;0.660000
1079.376831;0.657000
1080.033813;0.634000
1080.667847;0.633000
1081.300903;0.637000
1081.937866;0.645000
1082.582886;0.636000
1083.218872;0.637000
1083.855835;0.646000
1084.501831;0.650000
1085.151855;0.656000
1085.807861;0.640000
1086.447876;0.642000
1087.089844;0.659000
1087.748901;0.661000
1088.409790;0.655000
1089.064819;0.638000
1089.702881;0.640000
1090.342896;0.670000
1091.012817;0.685000
1091.697876;0.718000
1092.415894;0.692000
1093.107788;0.685000
1093.792847;0.723000
1094.515869;0.713000
1095.228882;0.709000
1095.937866;0.675000
1096.612793;0.661000
1097.273804;0.681000
1097.954834;0.677000
1098.631836;0.677000
1099.308838;0.660000
1099.968872;0.658000
1100.626831;0.684000
1101.310791;0.699000
1102.009888;0.726000
1102.735840;0.700000
1103.435791;0.694000
1104.129883;0.690000
1104.819824;0.724000
1105.543823;0.725000
1106.268799;0.718000
1106.986816;0.688000
1107.674805;0.671000
1108.345825;0.693000
1109.038818;0.688000
1109.726807;0.688000
1110.414795;0.694000
1111.108887;0.672000
1111.780884;0.664000
1112.444824;0.658000
1113.102783;0.703000
1113.805786;0.730000
1114.535889;0.756000
1115.291870;0.724000
1116.015869;0.722000
1116.737793;0.749000
1117.486816;0.753000
1118.239868;0.722000
1118.961792;0.704000
1119.665894;0.691000
1120.356812;0.708000
1121.064819;0.710000
1121.774902;0.700000
1122.474854;0.676000
1123.150879;0.686000
1123.836792;0.715000
1124.551880;0.759000
1125.310791;0.800000
1126.110840;0.820000
1126.930786;0.750000
1127.680786;0.736000
1128.416870;0.756000
1129.172852;0.745000
1129.917847;0.726000
1130.643799;0.702000
1131.345825;0.693000
1132.038818;0.725000
1132.763794;0.719000
1133.482788;0.714000
1134.196899;0.716000
1134.912842;0.738000
1135.650879;0.755000
1136.405884;0.733000
1137.138794;0.722000
1137.860840;0.723000
1138.583862;0.751000
1139.334839;0.768000
1140.102783;0.717000
1140.819824;0.711000
1141.530884;0.724000
1142.254883;0.732000
1142.986816;0.734000
1143.720825;0.703000
1144.423828;0.688000
1145.111816;0.717000
1145.828857;0.715000
1146.543823;0.718000
1147.261841;0.714000
1147.975830;0.724000
1148.699829;0.798000
1149.497803;0.828000
1150.325806;0.780000
1151.105835;0.783000
1151.888794;0.796000
1152.684814;0.791000
1153.475830;0.753000
1154.228882;0.730000
1154.958862;0.727000
1155.685791;0.743000
1156.428833;0.729000
1157.157837;0.705000
1157.862793;0.695000
1158.557861;0.731000
1159.288818;0.745000
1160.033813;0.714000
1160.747803;0.709000
1161.456787;0.746000
1162.202881;0.736000
1162.938843;0.719000
1163.657837;0.708000
1164.365845;0.722000
1165.087891;0.719000
1165.806885;0.709000
1166.515869;0.699000
1167.214844;0.699000
1167.913818;0.707000
1168.620850;0.718000
1169.338867;0.701000
1170.039795;0.697000
1170.736816;0.733000
1171.469849;0.743000
1172.212891;0.753000
1172.965820;0.738000
1173.703857;0.744000
1174.447876;0.783000
1175.230835;0.766000
1175.996826;0.724000
1176.720825;0.707000
1177.427856;0.726000
1178.153809;0.726000
1178.879883;0.748000
1179.627808;0.728000
1180.355835;0.727000
1181.082886;0.757000
1181.839844;0.759000
1182.598877;0.750000
1183.348877;0.733000
1184.081787;0.730000
1184.811890;0.737000
1185.548828;0.741000
1186.289795;0.738000
1187.027832;0.729000
1187.756836;0.733000
1188.489868;0.741000
1189.230835;0.745000
1189.975830;0.720000
1190.695801;0.716000
1191.411865;0.737000
1192.148804;0.745000
1192.893799;0.752000
1193.645874;0.732000
1194.377808;0.726000
1195.103882;0.746000
1195.849854;0.744000
1196.593872;0.706000
1197.299805;0.703000
1198.002808;0.738000
1198.740845;0.749000
1199.489868;0.768000
1200.257812;0.722000
1200.979858;0.708000
1201.687866;0.735000
1202.422852;0.717000
1203.139893;0.696000
1203.835815;0.662000
1204.497803;0.643000
1205.140869;0.636000
1205.776855;0.647000
1206.423828;0.666000
1207.089844;0.692000
1207.781860;0.701000
1208.482788;0.704000
1209.186890;0.683000
1209.869873;0.673000
1210.542847;0.668000
1211.210815;0.674000
1211.884888;0.678000
1212.562866;0.679000
1213.241821;0.666000
1213.907837;0.666000
1214.573853;0.669000
1215.242798;0.683000
1215.925903;0.701000
1216.626831;0.703000
1217.329834;0.688000
1218.017822;0.687000
1218.704834;0.711000
1219.415894;0.710000
1220.125854;0.727000
1220.852783;0.692000
1221.544800;0.682000
1222.226807;0.676000
1222.902832;0.680000
1223.582886;0.692000
1224.274902;0.682000
1224.956787;0.684000
1225.640869;0.702000
1226.342896;0.715000
1227.057861;0.730000
1227.787842;0.731000
1228.518799;0.720000
1229.238892;0.712000
1229.950806;0.722000
1230.672852;0.716000
1231.388794;0.689000
1232.077881;0.677000
1232.754883;0.696000
1233.450806;0.708000
1234.158813;0.720000
1234.878784;0.721000
1235.599854;0.737000
1236.336792;0.831000
1237.167847;0.842000
1238.009888;0.829000
1238.838867;0.805000
1239.643799;0.751000
1240.394897;0.731000
1241.125854;0.714000
1241.839844;0.734000
1242.573853;0.729000
1243.302856;0.718000
1244.020874;0.699000
1244.719849;0.701000
1245.420898;0.715000
1246.135864;0.719000
1246.854858;0.721000
1247.575806;0.698000
1248.273804;0.694000
1248.967896;0.699000
1249.666870;0.707000
1250.373901;0.724000
1251.097900;0.721000
1251.818848;0.722000
1252.540894;0.720000
1253.260864;0.750000
1254.010864;0.744000
1254.754883;0.688000
1255.442871;0.667000
1256.109863;0.640000
1256.749878;0.680000
1257.429810;0.663000
1258.092896;0.644000
1258.736816;0.636000
1259.372803;0.640000
1260.012817;0.629000
1260.641846;0.625000
1261.266846;0.625000
1261.891846;0.625000
1262.516846;0.623000
1263.139893;0.622000
1263.761841;0.610000
1264.371826;0.606000
1264.977783;0.606000
1265.583862;0.619000
1266.202881;0.633000
1266.835815;0.650000
1267.485840;0.650000
1268.135864;0.641000
1268.776855;0.640000
1269.416870;0.674000
1270.090820;0.685000
1270.775879;0.703000
1271.478882;0.675000
1272.153809;0.660000
1272.813843;0.708000
1273.521851;0.705000
1274.226807;0.711000
1274.937866;0.680000
1275.617798;0.669000
1276.286865;0.680000
1276.966797;0.675000
1277.641846;0.682000
1278.323853;0.661000
1278.984863;0.659000
1279.643799;0.675000
1280.318848;0.692000
1281.010864;0.718000
1281.728882;0.715000
1282.443848;0.722000
1283.165894;0.742000
1283.907837;0.746000
1284.653809;0.732000
1285.385864;0.708000
1286.093872;0.729000
1286.822876;0.722000
1287.544800;0.715000
1288.259888;0.697000
1288.956787;0.705000
1289.661865;0.710000
1290.371826;0.709000
1291.080811;0.690000
1291.770874;0.685000
1292.455811;0.716000
1293.171875;0.731000
1293.902832;0.740000
1294.642822;0.719000
1295.361816;0.725000
1296.086792;0.734000
1296.820801;0.747000
1297.567871;0.708000
1298.275879;0.703000
1298.978882;0.724000
1299.702881;0.726000
1300.428833;0.698000
1301.126831;0.693000
1301.819824;0.695000
1302.514893;0.716000
1303.230835;0.728000
1303.958862;0.736000
1304.694824;0.750000
1305.444824;0.708000
1306.152832;0.693000
1306.845825;0.711000
1307.556885;0.708000
1308.264893;0.687000
1308.951904;0.672000
1309.623901;0.711000
1310.334839;0.705000
1311.039795;0.710000
1311.749878;0.708000
1312.457886;0.725000
1313.182861;0.727000
1313.909790;0.712000
1314.621826;0.702000
1315.323853;0.696000
1316.019897;0.720000
1316.739868;0.730000
1317.469849;0.705000
1318.174805;0.727000
1318.901855;0.794000
1319.695801;0.837000
1320.532837;0.790000
1321.322876;0.766000
1322.088867;0.771000
1322.859863;0.765000
1323.624878;0.746000
1324.370850;0.705000
1325.075806;0.697000
1325.772827;0.709000
1326.481812;0.708000
1327.189819;0.691000
1327.880859;0.696000
1328.576904;0.723000
1329.299805;0.750000
1330.049805;0.779000
1330.828857;0.774000
1331.602783;0.758000
1332.360840;0.763000
1333.123901;0.747000
1333.870850;0.735000
1334.605835;0.729000
1335.334839;0.725000
1336.059814;0.721000
1336.780884;0.713000
1337.493896;0.717000
1338.210815;0.736000
1338.946899;0.748000
1339.694824;0.756000
1340.450806;0.768000
1341.218872;0.707000
1341.925903;0.687000
1342.612793;0.673000
1343.285889;0.744000
1344.029785;0.741000
1344.770874;0.744000
1345.514893;0.712000
1346.226807;0.705000
1346.931885;0.716000
1347.647827;0.715000
1348.362793;0.699000
1349.061890;0.692000
1349.753784;0.688000
1350.441895;0.692000
1351.133789;0.700000
1351.833862;0.677000
1352.510864;0.679000
1353.189819;0.687000
1353.876831;0.718000
1354.594849;0.762000
1355.356812;0.745000
1356.101807;0.736000
1356.837891;0.773000
1357.610840;0.786000
1358.396851;0.748000
1359.144897;0.701000
1359.845825;0.671000
1360.516846;0.705000
1361.221802;0.687000
1361.908813;0.666000
1362.574829;0.666000
1363.240845;0.668000
1363.908813;0.672000
1364.580811;0.678000
1365.258789;0.660000
1365.918823;0.643000
1366.561890;0.630000
1367.191895;0.654000
1367.845825;0.660000
1368.505859;0.669000
1369.174805;0.658000
1369.832886;0.662000
1370.494873;0.689000
1371.183838;0.695000
1371.878784;0.699000
1372.577881;0.688000
1373.265869;0.688000
1373.953857;0.689000
1374.642822;0.689000
1375.331787;0.673000
1376.004883;0.664000
1376.668823;0.659000
1377.327881;0.678000
1378.005859;0.693000
1378.698853;0.690000
1379.388794;0.690000
1380.078857;0.708000
1380.786865;0.710000
1381.496826;0.688000
1382.184814;0.673000
1382.857788;0.685000
1383.542847;0.678000
1384.220825;0.676000
1384.896851;0.674000
1385.570801;0.688000
1386.258789;0.696000
1386.954834;0.700000
1387.654785;0.694000
1388.348877;0.706000
1389.054810;0.704000
1389.758789;0.666000
1390.424805;0.650000
1391.074829;0.689000
1391.763794;0.691000
1392.454834;0.706000
1393.160889;0.685000
1393.845825;0.665000
1394.510864;0.669000
1395.179810;0.660000
1395.839844;0.653000
1396.492798;0.650000
1397.142822;0.672000
1397.814819;0.675000
1398.489868;0.668000
1399.157837;0.676000
1399.833862;0.727000
1400.560791;0.728000
1401.288818;0.690000
1401.978882;0.668000
1402.646851;0.649000
1403.295898;0.683000
1403.978882;0.683000
1404.661865;0.694000
1405.355835;0.678000
1406.033813;0.657000
1406.690796;0.648000
1407.338867;0.666000
1408.004883;0.673000
1408.677856;0.682000
1409.359863;0.695000
1410.054810;0.695000
1410.749878;0.704000
1411.453857;0.715000
1412.168823;0.710000
1412.878784;0.714000
1413.592896;0.722000
1414.314819;0.714000
1415.028809;0.695000
1415.723877;0.693000
1416.416870;0.690000
1417.106812;0.706000
1417.812866;0.665000
1418.477783;0.680000
1419.157837;0.679000
1419.836792;0.699000
1420.535889;0.688000
1421.223877;0.668000
1421.891846;0.664000
1422.555786;0.668000
1423.223877;0.670000
1423.893799;0.690000
1424.583862;0.703000
1425.286865;0.703000
1425.989868;0.706000
1426.695801;0.699000
1427.394897;0.683000
1428.077881;0.675000
1428.752808;0.665000
1429.417847;0.660000
1430.077881;0.651000
1430.728882;0.644000
1431.372803;0.700000
1432.072876;0.733000
1432.805786;0.781000
1433.586792;0.756000
1434.342896;0.765000
1435.107788;0.788000
1435.895874;0.778000
1436.673828;0.721000
1437.394897;0.708000
1438.102783;0.714000
1438.816895;0.714000
1439.530884;0.733000
1440.263794;0.717000
1440.980835;0.724000
1441.704834;0.743000
1442.447876;0.759000
1443.206787;0.749000
1443.955811;0.735000
1444.690796;0.749000
1445.439819;0.757000
1446.196899;0.729000
1446.925903;0.717000
1447.642822;0.710000
1448.352783;0.711000
1449.063843;0.741000
1449.804810;0.698000
1450.502808;0.685000
1451.187866;0.691000
1451.878784;0.687000
1452.565796;0.686000
1453.251831;0.669000
1453.920898;0.673000
1454.593872;0.696000
1455.289795;0.667000
1455.956787;0.664000
1456.620850;0.663000
1457.283813;0.689000
1457.972900;0.753000
1458.725830;0.814000
1459.539795;0.785000
1460.324829;0.753000
1461.077881;0.726000
1461.803833;0.708000
1462.511841;0.685000
1463.196899;0.654000
1463.850830;0.651000
1464.501831;0.648000
1465.149902;0.664000
1465.813843;0.712000
1466.525879;0.733000
1467.258789;0.761000
1468.019897;0.752000
1468.771851;0.730000
1469.501831;0.727000
1470.228882;0.717000
1470.945801;0.716000
1471.661865;0.690000
1472.351807;0.683000
1473.034790;0.668000
1473.702881;0.696000
1474.398804;0.720000
1475.118896;0.677000
1475.795898;0.684000
1476.479858;0.701000
1477.180786;0.722000
1477.902832;0.752000
1478.654785;0.732000
1479.386841;0.711000
1480.097900;0.701000
1480.798828;0.677000
1481.475830;0.662000
1482.137817;0.640000
1482.777832;0.633000
1483.410889;0.624000
1484.034790;0.623000
1484.657837;0.626000
1485.283813;0.629000
1485.912842;0.634000
1486.546875;0.637000
1487.183838;0.631000
1487.814819;0.644000
1488.458862;0.675000
1489.133789;0.659000
1489.792847;0.676000
1490.468872;0.713000
1491.181885;0.737000
1491.918823;0.752000
1492.670898;0.761000
1493.431885;0.751000
1494.182861;0.735000
1494.917847;0.724000
1495.641846;0.711000
1496.352783;0.686000
1497.038818;0.668000
1497.706787;0.666000
1498.372803;0.701000
1499.073853;0.702000
1499.775879;0.701000
1500.476807;0.697000
1501.173828;0.738000
1501.911865;0.753000
1502.664795;0.785000
1503.449829;0.773000
1504.222900;0.781000
1505.003784;0.796000
1505.799805;0.775000
1506.574829;0.732000
1507.306885;0.717000
1508.023804;0.735000
1508.758789;0.729000
1509.487793;0.738000
1510.225830;0.698000
1510.923828;0.702000
1511.625854;0.700000
1512.325806;0.706000
1513.031860;0.713000
1513.744873;0.728000
1514.472900;0.768000
1515.240845;0.797000
1516.037842;0.796000
1516.833862;0.784000
1517.617798;0.769000
1518.386841;0.719000
1519.105835;0.700000
1519.805786;0.686000
1520.491821;0.684000
1521.175903;0.691000
1521.866821;0.673000
1522.539795;0.671000
1523.210815;0.706000
1523.916870;0.726000
1524.642822;0.751000
1525.393799;0.749000
1526.142822;0.718000
1526.860840;0.705000
1527.565796;0.726000
1528.291870;0.709000
1529.000854;0.705000
1529.705811;0.692000
1530.397827;0.694000
1531.091797;0.691000
1531.782837;0.708000
1532.490845;0.701000
1533.191895;0.696000
1533.887817;0.687000
1534.574829;0.703000
1535.277832;0.715000
1535.992798;0.714000
1536.706787;0.696000
1537.402832;0.688000
1538.090820;0.703000
1538.793823;0.701000
1539.494873;0.705000
1540.199829;0.685000
1540.884888;0.677000
1541.561890;0.693000
1542.254883;0.691000
1542.945801;0.689000
1543.634888;0.693000
1544.327881;0.740000
1545.067871;0.758000
1545.825806;0.751000
1546.576904;0.769000
1547.345825;0.786000
1548.131836;0.778000
1548.909790;0.750000
1549.659790;0.725000
1550.384888;0.708000
1551.092896;0.699000
1551.791870;0.687000
1552.478882;0.681000
1553.159790;0.680000
1553.839844;0.673000
1554.512817;0.661000
1555.173828;0.633000
1555.806885;0.646000
1556.452881;0.679000
1557.131836;0.727000
1557.858887;0.773000
1558.631836;0.744000
1559.375854;0.733000
1560.108887;0.734000
1560.842896;0.706000
1561.548828;0.678000
1562.226807;0.694000
1562.920898;0.668000
1563.588867;0.665000
1564.253784;0.663000
1564.916870;0.674000
1565.590820;0.669000
1566.259888;0.662000
1566.921875;0.671000
1567.592896;0.705000
1568.297852;0.707000
1569.004883;0.702000
1569.706787;0.673000
1570.379883;0.658000
1571.037842;0.665000
1571.702881;0.663000
1572.365845;0.671000
1573.036865;0.669000
1573.705811;0.654000
1574.359863;0.637000
1574.996826;0.638000
1575.634888;0.704000
1576.338867;0.790000
1577.128784;0.791000
1577.919800;0.760000
1578.679810;0.738000
1579.417847;0.663000
1580.080811;0.653000
1580.733887;0.643000
1581.376831;0.639000
1582.015869;0.646000
1582.661865;0.645000
1583.306885;0.652000
1583.958862;0.621000
1584.579834;0.637000
1585.216797;0.616000
1585.832886;0.651000
1586.483887;0.674000
1587.157837;0.703000
1587.860840;0.704000
1588.564819;0.692000
1589.256836;0.699000
1589.955811;0.639000
1590.594849;0.634000
1591.228882;0.616000
1591.844849;0.653000
1592.497803;0.683000
1593.180786;0.750000
1593.930786;0.751000
1594.681885;0.742000
1595.423828;0.725000
1596.148804;0.698000
1596.846802;0.688000
1597.534790;0.676000
1598.210815;0.663000
1598.873901;0.656000
1599.529785;0.646000
1600.175903;0.648000
1600.823853;0.647000
1601.470825;0.656000
1602.126831;0.672000
1602.798828;0.691000
1603.489868;0.659000
1604.148804;0.670000
1604.818848;0.688000
1605.506836;0.664000
1606.170898;0.647000
1606.817871;0.649000
1607.466797;0.647000
1608.113892;0.699000
1608.812866;0.709000
1609.521851;0.719000
1610.240845;0.703000
1610.943848;0.693000
1611.636841;0.673000
1612.309814;0.652000
1612.961792;0.634000
1613.595825;0.623000
1614.218872;0.616000
1614.834839;0.602000
1615.436890;0.612000
1616.048828;0.621000
1616.669800;0.643000
1617.312866;0.683000
1617.995850;0.738000
1618.733887;0.900000
1619.633789;0.916000
1620.549805;0.886000
1621.435791;0.836000
1622.271851;0.768000
1623.039795;0.726000
1623.765869;0.698000
1624.463867;0.659000
1625.122803;0.641000
1625.763794;0.662000
1626.425903;0.678000
1627.103882;0.713000
1627.816895;0.754000
1628.570801;0.749000
1629.319824;0.728000
1630.047852;0.715000
1630.762817;0.712000
1631.474854;0.674000
1632.148804;0.665000
1632.813843;0.685000
1633.498901;0.688000
1634.186890;0.717000
1634.903809;0.719000
1635.622803;0.709000
1636.331787;0.682000
1637.013794;0.665000
1637.678833;0.678000
1638.356812;0.721000
1639.077881;0.725000
1639.802856;0.738000
1640.540894;0.712000
1641.252808;0.686000
1641.938843;0.647000
1642.585815;0.637000
1643.222900;0.635000
1643.857788;0.650000
1644.507812;0.705000
1645.212891;0.772000
1645.984863;0.771000
1646.755859;0.772000
1647.527832;0.764000
1648.291870;0.737000
1649.028809;0.725000
1649.753784;0.706000
1650.459839;0.697000
1651.156860;0.692000
1651.848877;0.668000
1652.516846;0.631000
1653.147827;0.612000
1653.759888;0.634000
1654.393799;0.644000
1655.037842;0.695000
1655.732788;0.733000
1656.465820;0.740000
1657.205811;0.746000
1657.951904;0.702000
1658.653809;0.694000
1659.347900;0.678000
1660.025879;0.668000
1660.693848;0.661000
1661.354858;0.655000
1662.009888;0.648000
1662.657837;0.647000
1663.304810;0.654000
1663.958862;0.669000
1664.627808;0.690000
1665.317871;0.720000
1666.037842;0.742000
1666.779785;0.749000
1667.528809;0.750000
1668.278809;0.714000
1668.992798;0.705000
1669.697876;0.718000
1670.415894;0.707000
1671.122803;0.700000
1671.822876;0.680000
1672.502808;0.658000
1673.160889;0.633000
1673.793823;0.628000
1674.421875;0.613000
1675.034790;0.625000
1675.659790;0.641000
1676.300903;0.650000
1676.950806;0.651000
1677.601807;0.652000
1678.253784;0.647000
1678.900879;0.649000
1679.549805;0.642000
1680.191895;0.639000
1680.830811;0.635000
1681.465820;0.653000
1682.118896;0.664000
1682.782837;0.666000
1683.448853;0.677000
1684.125854;0.697000
1684.822876;1.014000
1685.836792;0.973000
1686.809814;0.953000
1687.762817;0.885000
1688.647827;0.826000
1689.473877;0.773000
1690.246826;0.712000
1690.958862;0.688000
1691.646851;0.668000
1692.314819;0.658000
1692.972900;0.647000
1693.619873;0.653000
1694.272827;0.689000
1694.961792;0.781000
1695.742798;0.832000
1696.574829;0.826000
1697.400879;0.869000
1698.269897;0.901000
1699.170898;0.737000
1699.907837;0.724000
1700.631836;0.745000
1701.376831;0.746000
1702.122803;0.758000
1702.880859;0.723000
1703.603882;0.708000
1704.311890;0.678000
1704.989868;0.663000
1705.652832;0.654000
1706.306885;0.675000
1706.981812;0.690000
1707.671875;0.724000
1708.395874;0.734000
1709.129883;0.733000
1709.862793;0.734000
1710.596802;0.721000
1711.317871;0.712000
1712.029785;0.675000
1712.704834;0.658000
1713.362793;0.685000
1714.047852;0.688000
1714.735840;0.717000
1715.452881;0.726000
1716.178833;0.732000
1716.910889;0.732000
1717.642822;0.785000
1718.427856;0.770000
1719.197876;0.759000
1719.956787;0.741000
1720.697876;0.708000
1721.405884;0.707000
1722.112793;0.672000
1722.784790;0.666000
1723.450806;0.671000
1724.121826;0.688000
1724.809814;0.719000
1725.528809;0.691000
1726.219849;0.679000
1726.898804;0.681000
1727.579834;0.703000
1728.282837;0.927000
1729.209839;0.904000
1730.113892;0.873000
1730.986816;0.812000
1731.798828;0.744000
1732.542847;0.663000
1733.205811;0.653000
1733.858887;0.643000
1734.501831;0.651000
1735.152832;0.664000
1735.816895;0.693000
1736.509888;0.684000
1737.193848;0.690000
1737.883789;0.680000
1738.563843;0.666000
1739.229858;0.664000
1739.893799;0.649000
1740.542847;0.639000
1741.181885;0.629000
1741.810791;0.660000
1742.470825;0.687000
1743.157837;0.705000
1743.862793;0.707000
1744.569824;0.692000
1745.261841;0.675000
1745.936890;0.644000
1746.580811;0.655000
1747.235840;0.653000
1747.888794;0.643000
1748.531860;0.656000
1749.187866;0.654000
1749.841797;0.677000
1750.518799;0.630000
1751.148804;0.628000
1751.776855;0.672000
1752.448853;0.742000
1753.190796;0.818000
1754.008789;0.836000
1754.844849;0.785000
1755.629883;0.734000
1756.363892;0.682000
1757.045898;0.649000
1757.694824;0.681000
1758.375854;0.692000
1759.067871;0.690000
1759.757812;0.695000
1760.452881;0.684000
1761.136841;0.673000
1761.809814;0.664000
1762.473877;0.650000
1763.123901;0.620000
1763.743896;0.603000
1764.346802;0.615000
1764.961792;0.624000
1765.585815;0.655000
1766.240845;0.665000
1766.905884;0.671000
1767.576904;0.668000
1768.244873;0.666000
1768.910889;0.663000
1769.573853;0.654000
1770.227783;0.654000
1770.881836;0.644000
1771.525879;0.641000
1772.166870;0.638000
1772.804810;0.649000
1773.453857;0.674000
1774.127808;0.710000
1774.837891;0.697000
1775.534790;0.708000
1776.242798;1.009000
1777.251831;0.986000
1778.237793;0.882000
1779.119873;0.835000
1779.954834;0.789000
1780.743896;0.737000
1781.480835;0.692000
1782.172852;0.663000
1782.835815;0.641000
1783.476807;0.629000
1784.105835;0.618000
1784.723877;0.608000
1785.331787;0.601000
1785.932861;0.602000
1786.534790;0.608000
1787.142822;0.587000
1787.729858;0.603000
1788.332886;0.643000
1788.975830;0.819000
1789.794800;0.847000
1790.641846;0.841000
1791.482788;0.814000
1792.296875;0.800000
1793.096802;0.769000
1793.865845;0.732000
1794.597900;0.686000
1795.283813;0.659000
1795.942871;0.655000
1796.597900;0.656000
1797.253784;0.657000
1797.910889;0.657000
1798.567871;0.669000
1799.236816;0.664000
1799.900879;0.745000
1800.645874;0.776000
1801.421875;0.775000
1802.196899;0.740000
